<?xml version="1.0" encoding="UTF-8"?>
<document type="com.apple.InterfaceBuilder3.CocoaTouch.Storyboard.XIB" version="3.0" toolsVersion="14868" targetRuntime="iOS.CocoaTouch" propertyAccessControl="none" useAutolayout="YES" launchScreen="YES" useTraitCollections="YES" useSafeAreas="YES" colorMatched="YES">
    <device id="retina6_1" orientation="portrait" appearance="light"/>
    <dependencies>
        <plugIn identifier="com.apple.InterfaceBuilder.IBCocoaTouchPlugin" version="14824"/>
        <capability name="Safe area layout guides" minToolsVersion="9.0"/>
        <capability name="documents saved in the Xcode 8 format" minToolsVersion="8.0"/>
    </dependencies>
    <scenes>
        <!--View Controller-->
        <scene sceneID="EHf-IW-A2E">
            <objects>
                <viewController id="01J-lp-oVM" customClass="ViewController" customModule="Bournemouth_WW2" customModuleProvider="target" sceneMemberID="viewController">
                    <view key="view" contentMode="scaleToFill" id="Ze5-6b-2t3">
                        <rect key="frame" x="0.0" y="0.0" width="414" height="896"/>
                        <autoresizingMask key="autoresizingMask" widthSizable="YES" heightSizable="YES"/>
                        <subviews>
                            <imageView clipsSubviews="YES" userInteractionEnabled="NO" contentMode="scaleAspectFit" fixedFrame="YES" image="WW2 LADY" translatesAutoresizingMaskIntoConstraints="NO" id="SIf-yV-qFe">
                                <rect key="frame" x="-96" y="-54" width="632" height="1018"/>
                                <autoresizingMask key="autoresizingMask" flexibleMaxX="YES" flexibleMaxY="YES"/>
                            </imageView>
                            <button opaque="NO" contentMode="scaleToFill" fixedFrame="YES" contentHorizontalAlignment="center" contentVerticalAlignment="center" buttonType="roundedRect" lineBreakMode="middleTruncation" hasAttributedTitle="YES" translatesAutoresizingMaskIntoConstraints="NO" id="Vpz-Pw-2D3" customClass="ExploreButton">
                                <rect key="frame" x="130" y="634" width="155" height="100"/>
                                <autoresizingMask key="autoresizingMask" flexibleMaxX="YES" flexibleMaxY="YES"/>
                                <accessibility key="accessibilityConfiguration" identifier="ExploreButton"/>
                                <state key="normal">
                                    <attributedString key="attributedTitle">
                                        <fragment content="EXPLORE">
                                            <attributes>
                                                <color key="NSColor" red="0.026058884337544441" green="0.037397429347038269" blue="0.014832617715001106" alpha="1" colorSpace="custom" customColorSpace="sRGB"/>
                                                <font key="NSFont" size="32" name="AmericanTypewriter"/>
                                            </attributes>
                                        </fragment>
                                    </attributedString>
                                </state>
                                <connections>
                                    <segue destination="xXS-1f-HHc" kind="show" identifier="ExploreButton" id="DaG-RJ-mME"/>
                                </connections>
                            </button>
                        </subviews>
                        <color key="backgroundColor" systemColor="systemBackgroundColor" cocoaTouchSystemColor="whiteColor"/>
                        <viewLayoutGuide key="safeArea" id="6Tk-OE-BBY"/>
                    </view>
                    <connections>
                        <outlet property="ExploreButton" destination="Vpz-Pw-2D3" id="7bY-o4-zrP"/>
                    </connections>
                </viewController>
                <placeholder placeholderIdentifier="IBFirstResponder" id="iYj-Kq-Ea1" userLabel="First Responder" sceneMemberID="firstResponder"/>
            </objects>
            <point key="canvasLocation" x="52.173913043478265" y="375"/>
        </scene>
        <!--Second View Controller-->
        <scene sceneID="5e8-1y-51N">
            <objects>
                <viewController id="xXS-1f-HHc" customClass="SecondViewController" customModule="Bournemouth_WW2" customModuleProvider="target" sceneMemberID="viewController">
                    <view key="view" contentMode="scaleToFill" id="wwS-nM-TAb">
                        <rect key="frame" x="0.0" y="0.0" width="414" height="842"/>
                        <autoresizingMask key="autoresizingMask" widthSizable="YES" heightSizable="YES"/>
                        <subviews>
                            <mapView clipsSubviews="YES" multipleTouchEnabled="YES" contentMode="scaleToFill" fixedFrame="YES" mapType="standard" translatesAutoresizingMaskIntoConstraints="NO" id="Ynv-el-Did">
                                <rect key="frame" x="0.0" y="0.0" width="414" height="842"/>
                                <autoresizingMask key="autoresizingMask" flexibleMaxX="YES" flexibleMaxY="YES"/>
                            </mapView>
                        </subviews>
                        <color key="backgroundColor" systemColor="systemBackgroundColor" cocoaTouchSystemColor="whiteColor"/>
                        <viewLayoutGuide key="safeArea" id="09h-hS-yms"/>
                    </view>
                    <navigationItem key="navigationItem" id="5cw-rc-zCe"/>
                </viewController>
                <placeholder placeholderIdentifier="IBFirstResponder" id="XKW-Na-4AX" userLabel="First Responder" customClass="UIResponder" sceneMemberID="firstResponder"/>
                <mapView clipsSubviews="YES" multipleTouchEnabled="YES" contentMode="scaleToFill" mapType="standard" id="Pgg-Wj-K7e">
                    <rect key="frame" x="0.0" y="0.0" width="240" height="128"/>
                    <autoresizingMask key="autoresizingMask" flexibleMaxX="YES" flexibleMaxY="YES"/>
                </mapView>
            </objects>
            <point key="canvasLocation" x="902.89855072463774" y="375"/>
        </scene>
    </scenes>
    <resources>
        <image name="WW2 LADY" width="398" height="594"/>
    </resources>
</document>
